Actual_Price,Predicted_Price
154499.99999999985,144458.98880873332
324999.9999999993,323560.1083936821
114999.99999999971,112527.74495780098
159000.00000000026,168896.17583831566
315500.00000000023,306944.0388289452
75500.0000000002,80264.8286630432
311500.0000000001,196596.22661635978
145999.9999999997,152879.55502226664
84499.99999999994,78317.25101909398
135499.9999999998,115578.94284459914
145000.00000000012,144319.07054104097
130000.00000000032,122114.48687502365
81000.00000000007,78661.89066595616
214000.00000000017,213120.18054555322
181000.00000000006,179721.690002773
134500.00000000006,129160.26588023311
183500.00000000006,204770.36305424385
135000.0000000002,136197.52624374736
118399.99999999978,112645.68689846434
225999.9999999998,210068.74131987852
155000.00000000012,176170.32253103683
210000.0,211168.57831616653
173499.99999999953,180935.6161034988
129000.0000000001,123411.42018922041
191999.99999999997,208572.83063024844
153899.99999999988,175471.06287089072
181134.00000000003,190370.67306091386
140999.99999999968,104940.28479629605
181000.00000000006,178219.71942180913
208900.00000000017,220268.8502058399
126999.99999999991,101142.61203462153
283999.9999999997,240459.46739839684
200500.00000000023,224795.88577007793
135750.00000000035,111615.02492556522
255000.0000000001,275458.942127213
139999.9999999999,154260.25576800894
138000.0000000003,146479.29469402856
219500.00000000012,204728.7312820084
310000.0000000002,320010.1988216435
96999.99999999999,94754.14570573038
114500.00000000012,109417.5665716474
205000.0,232933.36627909503
119500.00000000029,120014.90840328674
253293.00000000017,371758.0618158857
128500.00000000026,126849.59005245758
117499.99999999975,139775.98051751126
114999.99999999971,114961.12401486975
126999.99999999991,126343.41211505616
451950.0000000001,438191.90999681567
144000.0,145237.88828020132
118999.99999999993,121322.10218074585
196000.00000000006,195127.60576932857
114999.99999999971,102785.05044587399
287000.0000000001,312981.84870726394
144499.99999999994,139316.55217245925
259999.9999999998,255856.12685160682
213000.00000000052,192253.1912161429
175000.00000000012,152667.14815412732
107000.00000000003,148791.4320817782
107500.00000000003,91454.70035286981
68499.99999999999,71142.54947259107
153999.99999999988,149367.53740565278
316999.9999999999,295462.8171186815
264131.99999999977,260461.80489367567
283463.0,316234.37741057004
243000.00000000003,226860.62687411477
109000.0,106637.46936125372
304999.99999999977,317366.1724873016
93500.00000000009,111762.5005387007
176000.00000000006,162693.07410232935
118858.00000000009,119523.84618200974
133999.9999999999,135384.98147115303
109008.00000000006,111956.82993329928
93500.00000000009,91833.43789044852
611657.0000000005,465179.0987623455
172999.9999999999,173341.58119791886
348000.0000000001,322895.35427174665
341000.0000000002,295710.0498314986
140999.99999999968,142759.64394565686
124899.99999999971,114180.79807684493
118000.00000000009,92106.61614292968
67000.0,107571.98717543016
112999.99999999993,116933.27844765813
91299.99999999996,92872.94492820397
149500.00000000038,156898.48652692698
133000.00000000012,113101.77190926383
265999.99999999936,256585.72531232124
189999.9999999999,207881.19329595685
155899.99999999985,146187.5667310033
155835.0,177435.47458440473
153499.9999999997,142543.036135314
151999.99999999977,160069.78304229715
124500.00000000003,118708.19511293835
301000.00000000076,267372.7522313731
136500.0000000003,138929.47989758555
169990.00000000035,180623.30235384873
205000.0,165582.74940479075
183900.00000000012,163732.18465333682
204900.0000000002,216828.5217751305
259999.9999999998,232511.95102891157
163499.99999999988,189704.29834445094
224900.00000000012,209255.146590711
244000.00000000003,283747.7705663439
131999.9999999999,123642.07795508136
194000.00000000006,172812.32316453816
156499.99999999985,170749.66367186274
156000.00000000026,146894.33107181202
275000.0000000002,284753.53980183054
145000.00000000012,141868.8492846776
135000.0000000002,170725.29877840477
59999.99999999991,60978.04728240819
123999.99999999984,127271.67405030537
126999.99999999991,129958.41220514166
137500.00000000012,133095.17468944308
213499.99999999994,208251.14298059008
118999.99999999993,108843.78535845914
107899.99999999991,107671.79180844368
123000.00000000009,111517.14798580136
111999.99999999984,141096.14300888003
283999.9999999997,396294.120398203
133000.00000000012,126969.65380526069
149000.0,145138.91464741708
169000.00000000012,178375.92619096095
206999.99999999994,166098.92844327967
175000.00000000012,175585.80082936335
137000.00000000015,123407.7944772458
235999.9999999995,232123.65008660057
79500.00000000004,96969.78532014565
144000.0,131783.8790716588
162900.0000000001,188949.1768760283
185900.00000000012,185551.4927041323
369900.00000000047,371459.46077084227
197900.00000000006,199662.003002032
104000.00000000003,135610.0787497894
35311.00000000002,69830.73752166383
337500.00000000006,351764.0349864069
367293.9999999998,339723.9062279607
130250.00000000013,118122.55833457742
230000.0000000001,238742.63735378956
755000.0000000005,461938.9390957718
402999.9999999999,353528.57079875085
131999.9999999999,114187.97142761404
177999.99999999994,181215.06236718188
136500.0000000003,164885.06474473263
145000.00000000012,139051.54794477206
123000.00000000009,130925.63560138196
250000.00000000023,212748.4845519193
187100.00000000006,185491.25746472692
133899.99999999997,121578.79198852088
67000.0,65475.29502696822
137500.00000000012,103267.08388113868
155000.00000000012,153269.19511728128
200624.0000000001,236603.0818186719
154300.00000000023,142261.221154036
91000.00000000009,78738.31800818851
135999.99999999997,142901.3088600609
108959.00000000003,141903.1048471872
139999.9999999999,149639.05756823314
86000.00000000003,68593.90997194119
131399.99999999997,130042.79716614952
179900.0000000004,207134.9384027949
144000.0,145198.80268389484
293076.99999999994,276782.3087423591
144499.99999999994,146070.26340264097
118500.00000000009,116485.73633282486
140999.99999999968,155321.80697406657
238999.99999999962,229083.59926842636
276000.0000000002,358192.88116005366
556580.9999999993,488297.0859621891
244400.0000000006,238000.2183306947
360000.0000000001,360914.8268576542
103200.00000000009,103018.02007551385
102000.00000000019,112129.82841939962
151000.00000000006,174775.96363203216
284999.99999999994,322040.46116716275
134432.00000000003,99824.78760394033
112999.99999999993,134671.76467077338
187500.0,208137.7524968047
125500.00000000006,118656.28057174332
177500.00000000015,169108.51278192786
179900.0000000004,162492.78824062867
55992.999999999876,106213.11787898035
132499.9999999999,131271.56712539706
135000.0000000002,138066.02263452584
255000.0000000001,258384.2359412433
139999.9999999999,144165.43952208827
271000.0000000007,262555.9034667686
246577.99999999994,211395.55989832315
202500.00000000047,197659.97236368965
74999.99999999991,87683.69123414703
122499.99999999974,135938.84000022005
108480.00000000001,108730.76942018307
159999.99999999997,119292.33479330021
171000.0000000004,154805.79642695075
196000.00000000006,186672.12082216877
225000.00000000015,155058.7231012143
197000.0000000005,220863.26641309992
40000.00000000007,103096.13505279792
172499.99999999985,228165.4377796617
154900.00000000032,123299.5518118173
280000.0,221862.97513494248
175000.00000000012,172360.32422224007
147000.00000000015,110205.19596841582
315000.0000000002,359136.0857733344
185000.00000000006,205160.01487943286
135499.9999999998,135188.75387036242
239499.99999999983,253050.79379740945
139000.00000000026,141776.3866682268
139999.9999999999,143925.31928263145
109999.99999999971,109786.5216844031
225000.00000000015,221122.28926856196
143500.0000000001,152074.4960516538
128950.00000000029,125145.68371155624
172499.99999999985,161693.79904777088
241499.99999999956,161456.93299734572
262500.00000000023,257186.3051304153
194201.0,204947.11755693937
143000.00000000035,137014.25819484092
130000.00000000032,149128.035078757
125999.9999999997,122027.1036004012
142500.00000000012,134027.96899048798
254000.0000000002,233671.7500747661
217500.0000000002,199779.9451836925
66500.00000000006,111789.27818620313
201000.00000000035,233504.0790118189
155000.00000000012,140261.02432231634
68399.99999999985,102866.65052802619
64500.000000000015,101371.78572336906
172999.9999999999,163240.45042445403
102775.99999999994,103982.42148642604
84900.00000000001,93657.87216418966
165600.0000000001,178607.8367827963
120000.00000000025,128265.61316969787
135000.0000000002,122123.30663791132
219999.99999999983,232122.09808914346
153575.0,121795.85596929287
195400.00000000035,188010.7938092511
147000.00000000015,147606.8086610533
276999.9999999998,224183.37445327727
143000.00000000035,123928.6453012909
105900.00000000006,90070.10330943126
242000.00000000017,252734.50211441473
194500.0,204802.31186254803
438779.999999999,456693.66303969675
185000.00000000006,182904.80362358346
107500.00000000003,126596.54904188077
165000.00000000015,160174.08637241542
176000.00000000006,162797.30430942576
129900.00000000012,145279.37486550937
114999.99999999971,114215.9519764059
192140.00000000023,174999.6898309654
159999.99999999997,166086.9537136936
145000.00000000012,141060.7726716196
86000.00000000003,87472.43694278321
158000.00000000023,138069.26683202505
127500.00000000001,143931.07158151967
114999.99999999971,115360.71100616972
119500.00000000029,117014.01005924527
175899.99999999977,179707.36877817876
240000.00000000047,267456.74015051086
395000.00000000035,339728.0469828283
165000.00000000015,176679.5430560768
128199.99999999996,117788.65313025971
275000.0000000002,226369.49662228048
311872.0000000006,295417.4811903361
214000.00000000017,198744.13870656965
153499.9999999997,172406.8248715963
144000.0,138852.69305358047
114999.99999999971,108837.59189581998
180000.00000000006,170149.56968493632
465000.00000000023,408954.1825569677
180000.00000000006,225003.32613321158
253000.0000000001,242509.50647522107
84999.99999999994,98870.75857929006
101800.00000000003,93863.29118251271
148499.99999999988,130860.92545782156
137500.00000000012,137440.0372437851
318061.00000000064,309727.5280829369
143000.00000000035,163547.77512635337
139999.9999999999,144240.91055936812
192500.0,210342.76524321185
92000.00000000007,86134.63374840684
197000.0000000005,187275.9312398101
109500.0000000001,99285.79102471
297000.0000000002,308242.9093796772
185750.00000000035,183921.19353140704
230000.0000000001,222337.84213911256
89471.00000000004,109725.87102097961
259999.9999999998,235980.94737968495
188999.99999999988,182488.77165413465
108000.00000000001,115557.59006308233
124500.00000000003,113474.4817820032
