Actual,Predicted
154500,140924.98
325000,313115.66
115000,111789.94
159000,157578.78
315500,324471.12
75500,75625.055
311500,197793.58
146000,163804.05
84500,75654.3
135500,132665.38
145000,153641.47
130000,123580.24
81000,109741.55
214000,212990.47
181000,181228.97
134500,132402.56
183500,192136.92
135000,132415.7
118400,111464.93
226000,213358.48
155000,187106.42
210000,237302.53
173500,182213.88
129000,130340.44
192000,214727.11
153900,170070.73
181134,178343.9
141000,105895.25
181000,180270.22
208900,192326.08
127000,110162.57
284000,260462.56
200500,223015.7
135750,113544.0
255000,280455.28
140000,141962.03
138000,190134.44
219500,210257.5
310000,344931.4
97000,100481.41
114500,124607.69
205000,252496.61
119500,116085.79
253293,393480.56
128500,132297.42
117500,131738.81
115000,117982.38
127000,124347.6
451950,443718.28
144000,148366.23
119000,114091.54
196000,168241.89
115000,109977.19
287000,304467.0
144500,144488.3
260000,238022.1
213000,201476.97
175000,152285.03
107000,155773.53
107500,109889.23
68500,74640.51
154000,159166.08
317000,302721.44
264132,270332.12
283463,311371.72
243000,227381.0
109000,111149.76
305000,349965.7
93500,112404.87
176000,159468.44
118858,121108.945
134000,125244.72
109008,109827.27
93500,89117.31
611657,509058.53
173000,181924.36
348000,336297.12
341000,301985.6
141000,139204.28
124900,103314.36
118000,109201.1
67000,104940.06
113000,124443.84
91300,105507.945
149500,153163.17
133000,145262.7
266000,267945.56
190000,201459.03
155900,144135.34
155835,172087.56
153500,158250.72
152000,151737.16
124500,116325.21
301000,255529.23
136500,143778.86
169990,175789.19
205000,188883.9
183900,174729.78
204900,218728.1
260000,220072.06
163500,182289.08
224900,207701.6
244000,235940.12
132000,133371.66
194000,163384.67
156500,174689.28
156000,143686.75
275000,272234.94
145000,148915.11
135000,171682.56
60000,52995.598
124000,119308.375
127000,148893.36
137500,141860.38
213500,216771.72
119000,110063.41
107900,118053.03
123000,111467.805
112000,149651.02
284000,402114.12
133000,133236.66
149000,144135.34
169000,181980.03
207000,185647.67
175000,173123.86
137000,123341.48
236000,233529.67
79500,104270.625
144000,143600.78
162900,177375.1
185900,181173.38
369900,353345.8
197900,201907.17
104000,143526.03
35311,84160.414
337500,340472.94
367294,332745.25
130250,127398.86
230000,229683.25
755000,676021.6
403000,378776.16
132000,122793.16
178000,175336.06
136500,150274.6
145000,139350.3
123000,123817.63
250000,216434.98
187100,200146.31
133900,119854.85
67000,66011.25
137500,97787.56
155000,139528.55
200624,279492.44
154300,156288.47
91000,96770.77
136000,147678.92
108959,144250.27
140000,104816.78
86000,82841.914
131400,126125.73
179900,196989.55
144000,191594.95
293077,307926.78
144500,145627.89
118500,114163.42
141000,142745.33
239000,217103.05
276000,362177.94
556581,459676.06
244400,216840.16
360000,343771.4
103200,95801.17
102000,101020.66
151000,174748.19
285000,339821.94
134432,117007.54
113000,142089.39
187500,201600.92
125500,136289.27
177500,169288.83
179900,158482.6
55993,100008.24
132500,125975.55
135000,143403.2
255000,269168.88
140000,157199.9
271000,275707.94
246578,214827.38
202500,191601.0
75000,97664.375
122500,145542.44
108480,114543.71
160000,128317.06
171000,138563.45
196000,188088.23
225000,206836.16
197000,210464.19
40000,101020.46
172500,221395.77
154900,126749.46
280000,192809.62
175000,177811.33
147000,114016.66
315000,370694.38
185000,193570.44
135500,123658.8
239500,253484.78
139000,137513.36
140000,159659.88
110000,116866.24
225000,252891.78
143500,144622.8
128950,124777.84
172500,163181.16
241500,192783.3
262500,303767.38
194201,223042.9
143000,138510.98
130000,143304.1
126000,136745.02
142500,131978.8
254000,223459.95
217500,162264.31
66500,111459.63
201000,230063.2
155000,125533.555
68400,101793.336
64500,112191.06
173000,167344.9
102776,88369.484
84900,102914.1
165600,171763.84
120000,125728.7
135000,126135.71
220000,234925.86
153575,129341.7
195400,218566.81
147000,150772.88
277000,227718.69
143000,124658.25
105900,108472.09
242000,275928.28
194500,202273.77
438780,466496.3
185000,182565.92
107500,105331.49
165000,154019.72
176000,170406.03
129900,142703.17
115000,101374.24
192140,170789.73
160000,165632.86
145000,144542.14
86000,87143.19
158000,130964.984
127500,149368.55
115000,121137.266
119500,123324.766
175900,172024.44
240000,280685.9
395000,303816.34
165000,172759.27
128200,127805.22
275000,224564.2
311872,277499.4
214000,232772.78
153500,181226.78
144000,144488.3
115000,121442.61
180000,163627.0
465000,411047.28
180000,213137.2
253000,241796.44
85000,113130.19
101800,103923.69
148500,138516.81
137500,156676.23
318061,290995.6
143000,181872.8
140000,148333.14
192500,196274.25
92000,84500.99
197000,188835.33
109500,104411.16
297000,321775.1
185750,161935.88
230000,222126.23
89471,125241.96
260000,230682.62
189000,179030.08
108000,133381.75
124500,111879.29
